protein,protein_name,panel,outcome_id,opengwas_id,outcome_name,SNP,method,beta_exposure,se_exposure,beta_outcome,se_outcome,beta_mr,se_mr,or,or_lci95,or_uci95,pval_mr,fdr,harmonise_action,effect_allele_exposure,other_allele_exposure,effect_allele_outcome,other_allele_outcome
CD5L,CD5 antigen-like,Inflammation_II,UKB_AF,ukb-b-964,UKB/OpenGWAS atrial fibrillation,rs2765501,Wald ratio,0.199657,0.00759591,-4.47709e-05,0.000420812,-0.00022423907,0.0021076747,0.99977579,0.99565419,1.0039144,0.91527159,0.91527159,aligned_complement,A,G,T,C
ACP1,Low molecular weight phosphotyrosine protein phosphatase,Inflammation_II,UKB_AF,ukb-b-964,UKB/OpenGWAS atrial fibrillation,rs11553746,Wald ratio,-0.378572,0.00788117,0.000257086,0.000239497,-0.00067909407,0.00063263263,0.99932114,0.99808279,1.000561,0.28307311,0.65405823,aligned,T,C,T,C
RLN2,Prorelaxin H2,Inflammation_II,UKB_AF,ukb-b-964,UKB/OpenGWAS atrial fibrillation,rs2273782,Wald ratio,0.158172,0.00893302,0.00019864,0.000273207,0.0012558481,0.0017272779,1.0012566,0.99787265,1.0046521,0.46718445,0.65405823,aligned,T,C,T,C
TYRP1,"5,6-dihydroxyindole-2-carboxylic acid oxidase",Inflammation_II,UKB_AF,ukb-b-964,UKB/OpenGWAS atrial fibrillation,rs10960751,Wald ratio,-0.0812295,0.0080047,0.0002933,0.00023627,-0.0036107572,0.0029086723,0.99639575,0.99073147,1.0020924,0.21446674,0.65405823,aligned,C,T,C,T
BSG,Basigin,Inflammation,UKB_AF,ukb-b-964,UKB/OpenGWAS atrial fibrillation,rs56101188,Wald ratio,0.241405,0.012834,0.000295193,0.000398194,0.0012228123,0.0016494853,1.0012236,0.99799184,1.0044657,0.45849362,0.65405823,aligned,C,T,C,T
FSTL3,Follistatin-related protein 3,Inflammation,UKB_AF,ukb-b-964,UKB/OpenGWAS atrial fibrillation,rs916904,Wald ratio,0.0866776,0.00756545,0.000269782,0.000238215,0.0031124766,0.0027482879,1.0031173,0.99772842,1.0085353,0.25741809,0.65405823,aligned,G,A,G,A
CFD,Complement factor D,Inflammation_II,UKB_AF,ukb-b-964,UKB/OpenGWAS atrial fibrillation,rs71335276,Wald ratio,-0.185468,0.00913845,5.79937e-05,0.000283891,-0.00031268844,0.0015306738,0.99968736,0.99669267,1.002691,0.83813347,0.91527159,aligned,T,G,T,G
CD5L,CD5 antigen-like,Inflammation_II,UKB_HF,ukb-d-HEARTFAIL,UKB/OpenGWAS heart failure,rs2765501,Wald ratio,0.199657,0.00759591,-0.000275331,0.000271803,-0.00137902,0.0013613497,0.99862193,0.99596091,1.0012901,0.31106972,0.82951749,aligned_complement,A,G,T,C
ACP1,Low molecular weight phosphotyrosine protein phosphatase,Inflammation_II,UKB_HF,ukb-d-HEARTFAIL,UKB/OpenGWAS heart failure,rs11553746,Wald ratio,-0.378572,0.00788117,-2.69854e-05,0.000153196,7.1282081e-05,0.00040466807,1.0000713,0.99927839,1.0008648,0.86017649,0.96664844,aligned,T,C,T,C
RLN2,Prorelaxin H2,Inflammation_II,UKB_HF,ukb-d-HEARTFAIL,UKB/OpenGWAS heart failure,rs2273782,Wald ratio,0.158172,0.00893302,0.00018354,0.000175626,0.0011603824,0.0011103482,1.0011611,0.99898462,1.0033422,0.29599447,0.82951749,aligned,T,C,T,C
TYRP1,"5,6-dihydroxyindole-2-carboxylic acid oxidase",Inflammation_II,UKB_HF,ukb-d-HEARTFAIL,UKB/OpenGWAS heart failure,rs10960751,Wald ratio,-0.0812295,0.0080047,8.31278e-05,0.000151847,-0.0010233696,0.0018693578,0.99897715,0.99532366,1.0026441,0.58407341,0.82951749,aligned,C,T,C,T
BSG,Basigin,Inflammation,UKB_HF,ukb-d-HEARTFAIL,UKB/OpenGWAS heart failure,rs56101188,Wald ratio,0.241405,0.012834,1.06639e-05,0.000255043,4.4174313e-05,0.0010564943,1.0000442,0.9979755,1.0021171,0.96664844,0.96664844,aligned,C,T,C,T
FSTL3,Follistatin-related protein 3,Inflammation,UKB_HF,ukb-d-HEARTFAIL,UKB/OpenGWAS heart failure,rs916904,Wald ratio,0.0866776,0.00756545,-8.18003e-05,0.000152841,-0.00094373056,0.0017633275,0.99905671,0.99560981,1.0025156,0.59251249,0.82951749,aligned,G,A,G,A
CFD,Complement factor D,Inflammation_II,UKB_HF,ukb-d-HEARTFAIL,UKB/OpenGWAS heart failure,rs71335276,Wald ratio,-0.185468,0.00913845,0.000155418,0.000181463,-0.00083797744,0.00097840598,0.99916237,0.99724814,1.0010803,0.39173669,0.82951749,aligned,T,G,T,G
